Nº,Título,URL
1,A Noiva de Istambul - Parte 01,https://www.youtube.com/watch?v=7M9EQHUhq38&list=PLA2VFvkm6I872Rt1qWzkOZMaqNN2RE6g8&index=1
2,A Noiva de Istambul - Parte 02,https://www.youtube.com/watch?v=zsCBoyBPSX8&list=PLA2VFvkm6I872Rt1qWzkOZMaqNN2RE6g8&index=2
3,A Noiva de Istambul - Parte 03,https://www.youtube.com/watch?v=9606_LoXsIs&list=PLA2VFvkm6I872Rt1qWzkOZMaqNN2RE6g8&index=3
4,A Noiva de Istambul - Parte 04,https://www.youtube.com/watch?v=YgPrJ4_b5Ls&list=PLA2VFvkm6I872Rt1qWzkOZMaqNN2RE6g8&index=4
5,A Noiva de Istambul - Parte 05,https://www.youtube.com/watch?v=G0-g5CjJFzo&list=PLA2VFvkm6I872Rt1qWzkOZMaqNN2RE6g8&index=5
6,A Noiva de Istambul - Parte 06,https://www.youtube.com/watch?v=0S2hyn4OMk0&list=PLA2VFvkm6I872Rt1qWzkOZMaqNN2RE6g8&index=6
7,A Noiva de Istambul - Parte 07,https://www.youtube.com/watch?v=lNWg5_fclDY&list=PLA2VFvkm6I872Rt1qWzkOZMaqNN2RE6g8&index=7
8,A Noiva de Istambul - Parte 08,https://www.youtube.com/watch?v=xqyNrUbWn3o&list=PLA2VFvkm6I872Rt1qWzkOZMaqNN2RE6g8&index=8
9,A Noiva de Istambul - Parte 09,https://www.youtube.com/watch?v=bmLVoCRIbaI&list=PLA2VFvkm6I872Rt1qWzkOZMaqNN2RE6g8&index=9
10,A Noiva de Istambul - Parte 10,https://www.youtube.com/watch?v=V4JL-7tDKRM&list=PLA2VFvkm6I872Rt1qWzkOZMaqNN2RE6g8&index=10
11,A Noiva de Istambul - Parte 11,https://www.youtube.com/watch?v=zof-8-ZyUH8&list=PLA2VFvkm6I872Rt1qWzkOZMaqNN2RE6g8&index=11
12,A Noiva de Istambul - Parte 12,https://www.youtube.com/watch?v=zIeXSDNAJAo&list=PLA2VFvkm6I872Rt1qWzkOZMaqNN2RE6g8&index=12
13,A Noiva de Istambul - Parte 13,https://www.youtube.com/watch?v=7PiAii5iLII&list=PLA2VFvkm6I872Rt1qWzkOZMaqNN2RE6g8&index=13
14,A Noiva de Istambul - Parte 14,https://www.youtube.com/watch?v=SRZLajGcCkU&list=PLA2VFvkm6I872Rt1qWzkOZMaqNN2RE6g8&index=14
15,A Noiva de Istambul - Parte 15,https://www.youtube.com/watch?v=rXwWXJREyAE&list=PLA2VFvkm6I872Rt1qWzkOZMaqNN2RE6g8&index=15
16,A Noiva de Istambul - Parte 16,https://www.youtube.com/watch?v=Qb5L3Kfb76A&list=PLA2VFvkm6I872Rt1qWzkOZMaqNN2RE6g8&index=16
17,A Noiva de Istambul - Parte 17,https://www.youtube.com/watch?v=gAju0iOZQTs&list=PLA2VFvkm6I872Rt1qWzkOZMaqNN2RE6g8&index=17
18,A Noiva de Istambul - Parte 18,https://www.youtube.com/watch?v=CfM_b0D_blo&list=PLA2VFvkm6I872Rt1qWzkOZMaqNN2RE6g8&index=18
19,A Noiva de Istambul - Parte 19,https://www.youtube.com/watch?v=ruegnTdU8YU&list=PLA2VFvkm6I872Rt1qWzkOZMaqNN2RE6g8&index=19
20,A Noiva de Istambul - Parte 20,https://www.youtube.com/watch?v=nRKOWm4gFSg&list=PLA2VFvkm6I872Rt1qWzkOZMaqNN2RE6g8&index=20
21,A Noiva de Istambul - Parte 21,https://www.youtube.com/watch?v=OSRyITbVmzI&list=PLA2VFvkm6I872Rt1qWzkOZMaqNN2RE6g8&index=21
22,A Noiva de Istambul - Parte 22,https://www.youtube.com/watch?v=ao5e-_YTQVA&list=PLA2VFvkm6I872Rt1qWzkOZMaqNN2RE6g8&index=22
23,A Noiva de Istambul - Parte 23,https://www.youtube.com/watch?v=cLH7BpPbndk&list=PLA2VFvkm6I872Rt1qWzkOZMaqNN2RE6g8&index=23
24,A Noiva de Istambul - Parte 24,https://www.youtube.com/watch?v=I7vctv1vV7s&list=PLA2VFvkm6I872Rt1qWzkOZMaqNN2RE6g8&index=24
25,A Noiva de Istambul - Parte 25,https://www.youtube.com/watch?v=jR1X0BG6qnk&list=PLA2VFvkm6I872Rt1qWzkOZMaqNN2RE6g8&index=25
26,A Noiva de Istambul - Parte 26,https://www.youtube.com/watch?v=EimMYtUR1y8&list=PLA2VFvkm6I872Rt1qWzkOZMaqNN2RE6g8&index=26
27,A Noiva de Istambul - Parte 27,https://www.youtube.com/watch?v=W7KOI2ls0M4&list=PLA2VFvkm6I872Rt1qWzkOZMaqNN2RE6g8&index=27
28,A Noiva de Istambul - Parte 28,https://www.youtube.com/watch?v=lNjhFQlA3Cc&list=PLA2VFvkm6I872Rt1qWzkOZMaqNN2RE6g8&index=28
29,A Noiva de Istambul - Parte 29,https://www.youtube.com/watch?v=1rxERq60qmI&list=PLA2VFvkm6I872Rt1qWzkOZMaqNN2RE6g8&index=29
30,A Noiva de Istambul - Parte 30,https://www.youtube.com/watch?v=sR8lElftqg4&list=PLA2VFvkm6I872Rt1qWzkOZMaqNN2RE6g8&index=30
31,A Noiva de Istambul - Parte 31,https://www.youtube.com/watch?v=yGvYLXCyziM&list=PLA2VFvkm6I872Rt1qWzkOZMaqNN2RE6g8&index=31
32,A Noiva de Istambul - Parte 32,https://www.youtube.com/watch?v=VlzELMbHzU0&list=PLA2VFvkm6I872Rt1qWzkOZMaqNN2RE6g8&index=32
33,A Noiva de Istambul - Parte 33,https://www.youtube.com/watch?v=hsZyRX3KGrA&list=PLA2VFvkm6I872Rt1qWzkOZMaqNN2RE6g8&index=33
34,A Noiva de Istambul - Parte 34,https://www.youtube.com/watch?v=X6CWu2MlFEc&list=PLA2VFvkm6I872Rt1qWzkOZMaqNN2RE6g8&index=34
35,A Noiva de Istambul - Parte 35,https://www.youtube.com/watch?v=cJVth0TZkfY&list=PLA2VFvkm6I872Rt1qWzkOZMaqNN2RE6g8&index=35
36,A Noiva de Istambul - Parte 36,https://www.youtube.com/watch?v=a_u7NGHVhBo&list=PLA2VFvkm6I872Rt1qWzkOZMaqNN2RE6g8&index=36
37,A Noiva de Istambul - Parte 37,https://www.youtube.com/watch?v=QRkfBbCxmfg&list=PLA2VFvkm6I872Rt1qWzkOZMaqNN2RE6g8&index=37
38,A Noiva de Istambul - Parte 38,https://www.youtube.com/watch?v=e7bIf2QkA9s&list=PLA2VFvkm6I872Rt1qWzkOZMaqNN2RE6g8&index=38
39,A Noiva de Istambul - Parte 39,https://www.youtube.com/watch?v=t_p60ebHg1s&list=PLA2VFvkm6I872Rt1qWzkOZMaqNN2RE6g8&index=39
40,A Noiva de Istambul - Parte 40,https://www.youtube.com/watch?v=Pi3NGLunuCw&list=PLA2VFvkm6I872Rt1qWzkOZMaqNN2RE6g8&index=40
41,A Noiva de Istambul - Parte 41,https://www.youtube.com/watch?v=WxY_8qCIwLw&list=PLA2VFvkm6I872Rt1qWzkOZMaqNN2RE6g8&index=41
42,A Noiva de Istambul - Parte 42,https://www.youtube.com/watch?v=bxeU7Y3nEk4&list=PLA2VFvkm6I872Rt1qWzkOZMaqNN2RE6g8&index=42
43,A Noiva de Istambul - Parte 43,https://www.youtube.com/watch?v=1E6xIFI_ziU&list=PLA2VFvkm6I872Rt1qWzkOZMaqNN2RE6g8&index=43
44,A Noiva de Istambul - Parte 44,https://www.youtube.com/watch?v=2poMN7ldqS0&list=PLA2VFvkm6I872Rt1qWzkOZMaqNN2RE6g8&index=44
45,A Noiva de Istambul - Parte 45,https://www.youtube.com/watch?v=8JSuR6O6K3A&list=PLA2VFvkm6I872Rt1qWzkOZMaqNN2RE6g8&index=45
46,A Noiva de Istambul - Parte 46,https://www.youtube.com/watch?v=rc5XASYJqNI&list=PLA2VFvkm6I872Rt1qWzkOZMaqNN2RE6g8&index=46
47,A Noiva de Istambul - Parte 47,https://www.youtube.com/watch?v=pqitRIGNqoY&list=PLA2VFvkm6I872Rt1qWzkOZMaqNN2RE6g8&index=47
48,A Noiva de Istambul - Parte 48,https://www.youtube.com/watch?v=Vb4ilObs0OU&list=PLA2VFvkm6I872Rt1qWzkOZMaqNN2RE6g8&index=48
49,A Noiva de Istambul - Parte 49,https://www.youtube.com/watch?v=1qiVv4eFNQQ&list=PLA2VFvkm6I872Rt1qWzkOZMaqNN2RE6g8&index=49
50,A Noiva de Istambul - Parte 50,https://www.youtube.com/watch?v=oTz05NjrDB0&list=PLA2VFvkm6I872Rt1qWzkOZMaqNN2RE6g8&index=50
51,A Noiva de Istambul - Parte 51,https://www.youtube.com/watch?v=cq6PSHEOMa4&list=PLA2VFvkm6I872Rt1qWzkOZMaqNN2RE6g8&index=51
52,A Noiva de Istambul - Parte 52,https://www.youtube.com/watch?v=hsUqFp1zmPU&list=PLA2VFvkm6I872Rt1qWzkOZMaqNN2RE6g8&index=52
53,A Noiva de Istambul - Parte 53,https://www.youtube.com/watch?v=IeTknLuVg4I&list=PLA2VFvkm6I872Rt1qWzkOZMaqNN2RE6g8&index=53
54,A Noiva de Istambul - Parte 54,https://www.youtube.com/watch?v=X8K5TQkS2TM&list=PLA2VFvkm6I872Rt1qWzkOZMaqNN2RE6g8&index=54
55,A Noiva de Istambul - Parte 55,https://www.youtube.com/watch?v=8rD7yqH8hak&list=PLA2VFvkm6I872Rt1qWzkOZMaqNN2RE6g8&index=55
56,A Noiva de Istambul - Parte 56,https://www.youtube.com/watch?v=5_H9FZx67o4&list=PLA2VFvkm6I872Rt1qWzkOZMaqNN2RE6g8&index=56
57,A Noiva de Istambul - Parte 57,https://www.youtube.com/watch?v=hzXrXXF4KoU&list=PLA2VFvkm6I872Rt1qWzkOZMaqNN2RE6g8&index=57
58,A Noiva de Istambul - Parte 58,https://www.youtube.com/watch?v=i9apO9EfuDw&list=PLA2VFvkm6I872Rt1qWzkOZMaqNN2RE6g8&index=58
59,A Noiva de Istambul - Parte 59,https://www.youtube.com/watch?v=EyiEVMujfJg&list=PLA2VFvkm6I872Rt1qWzkOZMaqNN2RE6g8&index=59
60,A Noiva de Istambul - Parte 60,https://www.youtube.com/watch?v=gJr5WbX6jOM&list=PLA2VFvkm6I872Rt1qWzkOZMaqNN2RE6g8&index=60
61,A Noiva de Istambul - Parte 61,https://www.youtube.com/watch?v=-GcrKFENWmo&list=PLA2VFvkm6I872Rt1qWzkOZMaqNN2RE6g8&index=61
62,A Noiva de Istambul - Parte 62,https://www.youtube.com/watch?v=k0M1Xtxnr54&list=PLA2VFvkm6I872Rt1qWzkOZMaqNN2RE6g8&index=62
63,A Noiva de Istambul - Parte 63,https://www.youtube.com/watch?v=JTzkM252iDs&list=PLA2VFvkm6I872Rt1qWzkOZMaqNN2RE6g8&index=63
64,A Noiva de Istambul - Parte 64,https://www.youtube.com/watch?v=MG7j25PoH0o&list=PLA2VFvkm6I872Rt1qWzkOZMaqNN2RE6g8&index=64
65,A Noiva de Istambul - Parte 65,https://www.youtube.com/watch?v=PgoBoDCoWqI&list=PLA2VFvkm6I872Rt1qWzkOZMaqNN2RE6g8&index=65
66,A Noiva de Istambul - Parte 66,https://www.youtube.com/watch?v=zoNxbUoZo_0&list=PLA2VFvkm6I872Rt1qWzkOZMaqNN2RE6g8&index=66
67,A Noiva de Istambul - Parte 67,https://www.youtube.com/watch?v=uzQ12rO4I4Q&list=PLA2VFvkm6I872Rt1qWzkOZMaqNN2RE6g8&index=67
68,A Noiva de Istambul - Parte 68,https://www.youtube.com/watch?v=oi9ZN-fzTQE&list=PLA2VFvkm6I872Rt1qWzkOZMaqNN2RE6g8&index=68
69,A Noiva de Istambul - Parte 69,https://www.youtube.com/watch?v=BQAl5eKl6T8&list=PLA2VFvkm6I872Rt1qWzkOZMaqNN2RE6g8&index=69
70,A Noiva de Istambul - Parte 70,https://www.youtube.com/watch?v=3oXgT77IFac&list=PLA2VFvkm6I872Rt1qWzkOZMaqNN2RE6g8&index=70
71,A Noiva de Istambul - Parte 71,https://www.youtube.com/watch?v=eCXYNufkIMs&list=PLA2VFvkm6I872Rt1qWzkOZMaqNN2RE6g8&index=71
72,A Noiva de Istambul - Parte 72,https://www.youtube.com/watch?v=VHIuRrNa0EY&list=PLA2VFvkm6I872Rt1qWzkOZMaqNN2RE6g8&index=72
73,A Noiva de Istambul - Parte 73,https://www.youtube.com/watch?v=72zVZdM-CnQ&list=PLA2VFvkm6I872Rt1qWzkOZMaqNN2RE6g8&index=73
74,A Noiva de Istambul - Parte 74,https://www.youtube.com/watch?v=CyXpyYxyR_s&list=PLA2VFvkm6I872Rt1qWzkOZMaqNN2RE6g8&index=74
75,A Noiva de Istambul - Parte 75,https://www.youtube.com/watch?v=eR4ZgIUsXCM&list=PLA2VFvkm6I872Rt1qWzkOZMaqNN2RE6g8&index=75
76,A Noiva de Istambul - Parte 76,https://www.youtube.com/watch?v=8jhlVy-QZzY&list=PLA2VFvkm6I872Rt1qWzkOZMaqNN2RE6g8&index=76
77,A Noiva de Istambul - Parte 77,https://www.youtube.com/watch?v=2OiuLR3P6Vw&list=PLA2VFvkm6I872Rt1qWzkOZMaqNN2RE6g8&index=77
78,A Noiva de Istambul - Parte 78,https://www.youtube.com/watch?v=z3CvJpsUHFA&list=PLA2VFvkm6I872Rt1qWzkOZMaqNN2RE6g8&index=78
79,A Noiva de Istambul - Parte 79,https://www.youtube.com/watch?v=Mcu6UkwTxsI&list=PLA2VFvkm6I872Rt1qWzkOZMaqNN2RE6g8&index=79
80,A Noiva de Istambul - Parte 80,https://www.youtube.com/watch?v=oo5U0VyuiUA&list=PLA2VFvkm6I872Rt1qWzkOZMaqNN2RE6g8&index=80
81,A Noiva de Istambul - Parte 81,https://www.youtube.com/watch?v=pEWLmCqWZHw&list=PLA2VFvkm6I872Rt1qWzkOZMaqNN2RE6g8&index=81
82,A Noiva de Istambul - Parte 82,https://www.youtube.com/watch?v=msBJ6hy_-lg&list=PLA2VFvkm6I872Rt1qWzkOZMaqNN2RE6g8&index=82
83,A Noiva de Istambul - Parte 83,https://www.youtube.com/watch?v=UAb6b4iZ0Jw&list=PLA2VFvkm6I872Rt1qWzkOZMaqNN2RE6g8&index=83
84,A Noiva de Istambul - Parte 84,https://www.youtube.com/watch?v=7Ywj1Kn4Fc8&list=PLA2VFvkm6I872Rt1qWzkOZMaqNN2RE6g8&index=84
85,A Noiva de Istambul - Parte 85,https://www.youtube.com/watch?v=VJFyBqOvR8w&list=PLA2VFvkm6I872Rt1qWzkOZMaqNN2RE6g8&index=85
86,A Noiva de Istambul - Parte 86,https://www.youtube.com/watch?v=qtml6nD3CDk&list=PLA2VFvkm6I872Rt1qWzkOZMaqNN2RE6g8&index=86
87,A Noiva de Istambul - Parte 87,https://www.youtube.com/watch?v=851NajC5HLI&list=PLA2VFvkm6I872Rt1qWzkOZMaqNN2RE6g8&index=87
88,A Noiva de Istambul - Parte 88,https://www.youtube.com/watch?v=fFGr2DP7Yug&list=PLA2VFvkm6I872Rt1qWzkOZMaqNN2RE6g8&index=88
89,A Noiva de Istambul - Parte 89,https://www.youtube.com/watch?v=QdcdPvDbxqY&list=PLA2VFvkm6I872Rt1qWzkOZMaqNN2RE6g8&index=89
90,A Noiva de Istambul - Parte 90,https://www.youtube.com/watch?v=Bfgf2nHSodA&list=PLA2VFvkm6I872Rt1qWzkOZMaqNN2RE6g8&index=90
91,A Noiva de Istambul - Parte 91,https://www.youtube.com/watch?v=LoO511XTLhw&list=PLA2VFvkm6I872Rt1qWzkOZMaqNN2RE6g8&index=91
92,A Noiva de Istambul - Parte 92,https://www.youtube.com/watch?v=Fork_Qie2NY&list=PLA2VFvkm6I872Rt1qWzkOZMaqNN2RE6g8&index=92
93,A Noiva de Istambul - Parte 93,https://www.youtube.com/watch?v=Uld0MIfVwHo&list=PLA2VFvkm6I872Rt1qWzkOZMaqNN2RE6g8&index=93
94,A Noiva de Istambul - Parte 94,https://www.youtube.com/watch?v=M3f51mt6KUw&list=PLA2VFvkm6I872Rt1qWzkOZMaqNN2RE6g8&index=94
95,A Noiva de Istambul - Parte 95,https://www.youtube.com/watch?v=2gIHarfOyEg&list=PLA2VFvkm6I872Rt1qWzkOZMaqNN2RE6g8&index=95
96,A Noiva de Istambul - Parte 96,https://www.youtube.com/watch?v=bfIFxa4aUYA&list=PLA2VFvkm6I872Rt1qWzkOZMaqNN2RE6g8&index=96
97,A Noiva de Istambul - Parte 97,https://www.youtube.com/watch?v=vH_tJk45rHM&list=PLA2VFvkm6I872Rt1qWzkOZMaqNN2RE6g8&index=97
98,A Noiva de Istambul - Parte 98,https://www.youtube.com/watch?v=oUu7vsf3Xco&list=PLA2VFvkm6I872Rt1qWzkOZMaqNN2RE6g8&index=98
99,A Noiva de Istambul - Parte 99,https://www.youtube.com/watch?v=Lli7GLrv1K4&list=PLA2VFvkm6I872Rt1qWzkOZMaqNN2RE6g8&index=99
100,A Noiva de Istambul - Parte 100,https://www.youtube.com/watch?v=hX3-gIuqut8&list=PLA2VFvkm6I872Rt1qWzkOZMaqNN2RE6g8&index=100
101,A Noiva de Istambul - Parte 101,https://www.youtube.com/watch?v=ezAGnOPdX6U&list=PLA2VFvkm6I872Rt1qWzkOZMaqNN2RE6g8&index=101
102,A Noiva de Istambul Parte 102,https://www.youtube.com/watch?v=4vKn3nvSIbg&list=PLA2VFvkm6I872Rt1qWzkOZMaqNN2RE6g8&index=102
103,A Noiva de Istambul - Parte 103,https://www.youtube.com/watch?v=hTQR1A_UibM&list=PLA2VFvkm6I872Rt1qWzkOZMaqNN2RE6g8&index=103
104,A Noiva de Istambul - Parte 104,https://www.youtube.com/watch?v=kR9YCFr0d6E&list=PLA2VFvkm6I872Rt1qWzkOZMaqNN2RE6g8&index=104
105,A Noiva de Istambul - Parte 105,https://www.youtube.com/watch?v=TwqWRQnjc7I&list=PLA2VFvkm6I872Rt1qWzkOZMaqNN2RE6g8&index=105
106,A Noiva de Istambul - Parte 106,https://www.youtube.com/watch?v=SUrtuGdsIS0&list=PLA2VFvkm6I872Rt1qWzkOZMaqNN2RE6g8&index=106
107,A Noiva de Istambul - Parte 107,https://www.youtube.com/watch?v=TMAMq7laPrM&list=PLA2VFvkm6I872Rt1qWzkOZMaqNN2RE6g8&index=107
108,A Noiva de Istambul - Parte 108,https://www.youtube.com/watch?v=Rvs4GNk3SBc&list=PLA2VFvkm6I872Rt1qWzkOZMaqNN2RE6g8&index=108
109,A Noiva de Istambul - Parte 109,https://www.youtube.com/watch?v=zaaFbheRLbc&list=PLA2VFvkm6I872Rt1qWzkOZMaqNN2RE6g8&index=109
110,A Noiva de Istambul - Parte 110,https://www.youtube.com/watch?v=S3VAE6YZga8&list=PLA2VFvkm6I872Rt1qWzkOZMaqNN2RE6g8&index=110
111,A Noiva de Istambul - Parte 111,https://www.youtube.com/watch?v=Aj33gwummyY&list=PLA2VFvkm6I872Rt1qWzkOZMaqNN2RE6g8&index=111
112,A Noiva de Istambul - Parte 112,https://www.youtube.com/watch?v=F61hhBh3lcw&list=PLA2VFvkm6I872Rt1qWzkOZMaqNN2RE6g8&index=112
113,A Noiva de Istambul - Parte 113,https://www.youtube.com/watch?v=-E37gscGS0U&list=PLA2VFvkm6I872Rt1qWzkOZMaqNN2RE6g8&index=113
114,A Noiva de Istambul - Parte 114,https://www.youtube.com/watch?v=fP5XhAphuvM&list=PLA2VFvkm6I872Rt1qWzkOZMaqNN2RE6g8&index=114
115,A Noiva de Istambul - Parte 115,https://www.youtube.com/watch?v=CU1npAwKTOU&list=PLA2VFvkm6I872Rt1qWzkOZMaqNN2RE6g8&index=115
116,A Noiva de Istambul - Parte 116,https://www.youtube.com/watch?v=FZ2y146SZDc&list=PLA2VFvkm6I872Rt1qWzkOZMaqNN2RE6g8&index=116
117,A Noiva de Istambul - Parte 117,https://www.youtube.com/watch?v=M7FIZpZjJzI&list=PLA2VFvkm6I872Rt1qWzkOZMaqNN2RE6g8&index=117
118,A Noiva de Istambul - Parte 118,https://www.youtube.com/watch?v=uBdFcBM_kvk&list=PLA2VFvkm6I872Rt1qWzkOZMaqNN2RE6g8&index=118
119,A Noiva de Istambul - Parte 119,https://www.youtube.com/watch?v=BNkaTOAkPnI&list=PLA2VFvkm6I872Rt1qWzkOZMaqNN2RE6g8&index=119
120,A Noiva de Istambul - Parte 120,https://www.youtube.com/watch?v=aRaz_lVKPGk&list=PLA2VFvkm6I872Rt1qWzkOZMaqNN2RE6g8&index=120
121,A Noiva de Istambul - Parte 121,https://www.youtube.com/watch?v=PkN9ejYxJS0&list=PLA2VFvkm6I872Rt1qWzkOZMaqNN2RE6g8&index=121
122,A Noiva de Istambul - Parte 122,https://www.youtube.com/watch?v=H9lZ3aBTVSk&list=PLA2VFvkm6I872Rt1qWzkOZMaqNN2RE6g8&index=122
123,A Noiva de Istambul - Parte 123,https://www.youtube.com/watch?v=9BRs-8UNZw8&list=PLA2VFvkm6I872Rt1qWzkOZMaqNN2RE6g8&index=123
124,A Noiva de Istambul - Parte 124,https://www.youtube.com/watch?v=ZPYBye3Gbrs&list=PLA2VFvkm6I872Rt1qWzkOZMaqNN2RE6g8&index=124
125,A Noiva de Istambul - Parte 125,https://www.youtube.com/watch?v=oqlLDaDU0CM&list=PLA2VFvkm6I872Rt1qWzkOZMaqNN2RE6g8&index=125
126,A Noiva de Istambul - Parte 126,https://www.youtube.com/watch?v=Dm93PNlpV4Y&list=PLA2VFvkm6I872Rt1qWzkOZMaqNN2RE6g8&index=126
127,A Noiva de Istambul - Parte 127,https://www.youtube.com/watch?v=C-z6gojUJz8&list=PLA2VFvkm6I872Rt1qWzkOZMaqNN2RE6g8&index=127
128,A Noiva de Istambul - Parte 128,https://www.youtube.com/watch?v=4VfvYHwoo_w&list=PLA2VFvkm6I872Rt1qWzkOZMaqNN2RE6g8&index=128
129,A Noiva de Istambul - Parte 129,https://www.youtube.com/watch?v=lZvreL2ODNQ&list=PLA2VFvkm6I872Rt1qWzkOZMaqNN2RE6g8&index=129
130,A Noiva de Istambul - Parte 130,https://www.youtube.com/watch?v=2cjV3I-PpYo&list=PLA2VFvkm6I872Rt1qWzkOZMaqNN2RE6g8&index=130
131,A Noiva de Istambul - Parte 131,https://www.youtube.com/watch?v=J8ZrlIdQpOw&list=PLA2VFvkm6I872Rt1qWzkOZMaqNN2RE6g8&index=131
132,A Noiva de Istambul - Parte 132,https://www.youtube.com/watch?v=VtZTX6ZnpXI&list=PLA2VFvkm6I872Rt1qWzkOZMaqNN2RE6g8&index=132
133,A Noiva de Istambul - Parte 133,https://www.youtube.com/watch?v=eVxFvdBjZP0&list=PLA2VFvkm6I872Rt1qWzkOZMaqNN2RE6g8&index=133
134,A Noiva de Istambul - Parte 134,https://www.youtube.com/watch?v=u1oWCXX1vHk&list=PLA2VFvkm6I872Rt1qWzkOZMaqNN2RE6g8&index=134
135,A Noiva de Istambul - Parte 135,https://www.youtube.com/watch?v=1hxtZX9tH8o&list=PLA2VFvkm6I872Rt1qWzkOZMaqNN2RE6g8&index=135
136,A Noiva de Istambul - Parte 136,https://www.youtube.com/watch?v=4gnOFwc5rYs&list=PLA2VFvkm6I872Rt1qWzkOZMaqNN2RE6g8&index=136
137,A Noiva de Istambul - Parte 137,https://www.youtube.com/watch?v=eQzCQv_hUqk&list=PLA2VFvkm6I872Rt1qWzkOZMaqNN2RE6g8&index=137
138,A Noiva de Istambul - Parte 138,https://www.youtube.com/watch?v=kQRmzrEoXtA&list=PLA2VFvkm6I872Rt1qWzkOZMaqNN2RE6g8&index=138
139,A Noiva de Istambul - Parte 139,https://www.youtube.com/watch?v=Moaint1zOZ8&list=PLA2VFvkm6I872Rt1qWzkOZMaqNN2RE6g8&index=139
140,A Noiva de Istambul - Parte 140,https://www.youtube.com/watch?v=sZQuMk6L9pg&list=PLA2VFvkm6I872Rt1qWzkOZMaqNN2RE6g8&index=140
141,A Noiva de Istambul - Parte 141,https://www.youtube.com/watch?v=54xezjJBipE&list=PLA2VFvkm6I872Rt1qWzkOZMaqNN2RE6g8&index=141
142,A Noiva de Istambul - Parte 142,https://www.youtube.com/watch?v=0DbVlcavcBk&list=PLA2VFvkm6I872Rt1qWzkOZMaqNN2RE6g8&index=142
143,A Noiva de Istambul - Parte 143,https://www.youtube.com/watch?v=I7AWsJrS5XE&list=PLA2VFvkm6I872Rt1qWzkOZMaqNN2RE6g8&index=143
144,A Noiva de Istambul - Parte 144,https://www.youtube.com/watch?v=AMSroFgT7SA&list=PLA2VFvkm6I872Rt1qWzkOZMaqNN2RE6g8&index=144
145,A Noiva de Istambul - Parte 145,https://www.youtube.com/watch?v=As4auHQd3vo&list=PLA2VFvkm6I872Rt1qWzkOZMaqNN2RE6g8&index=145
146,A Noiva de Istambul - Parte 146,https://www.youtube.com/watch?v=o7W8A-FiSac&list=PLA2VFvkm6I872Rt1qWzkOZMaqNN2RE6g8&index=146
147,A Noiva de Istambul - Parte 147,https://www.youtube.com/watch?v=3kmr-01uQUo&list=PLA2VFvkm6I872Rt1qWzkOZMaqNN2RE6g8&index=147
148,A Noiva de Istambul - Parte 148,https://www.youtube.com/watch?v=WXpkAoOijFE&list=PLA2VFvkm6I872Rt1qWzkOZMaqNN2RE6g8&index=148
149,A Noiva de Istambul - Parte 149,https://www.youtube.com/watch?v=EjVTEG0x134&list=PLA2VFvkm6I872Rt1qWzkOZMaqNN2RE6g8&index=149
150,A Noiva de Istambul - Parte 150,https://www.youtube.com/watch?v=RFoESFD4PjQ&list=PLA2VFvkm6I872Rt1qWzkOZMaqNN2RE6g8&index=150
151,A Noiva de Istambul - Parte 151,https://www.youtube.com/watch?v=cRbDNEJw2nw&list=PLA2VFvkm6I872Rt1qWzkOZMaqNN2RE6g8&index=151
152,A Noiva de Istambul - Parte 152,https://www.youtube.com/watch?v=6CCSjW7VYQQ&list=PLA2VFvkm6I872Rt1qWzkOZMaqNN2RE6g8&index=152
153,A Noiva de Istambul - Parte 153,https://www.youtube.com/watch?v=tWGXA0Oi1qI&list=PLA2VFvkm6I872Rt1qWzkOZMaqNN2RE6g8&index=153
154,A Noiva de Istambul - Parte 154,https://www.youtube.com/watch?v=5uxISPcPUb8&list=PLA2VFvkm6I872Rt1qWzkOZMaqNN2RE6g8&index=154
155,A Noiva de Istambul - Parte 155,https://www.youtube.com/watch?v=MjjieQSxLWM&list=PLA2VFvkm6I872Rt1qWzkOZMaqNN2RE6g8&index=155
156,A Noiva de Istambul - Parte 156,https://www.youtube.com/watch?v=Ymfzr3F5fqE&list=PLA2VFvkm6I872Rt1qWzkOZMaqNN2RE6g8&index=156
157,A Noiva de Istambul - Parte 157,https://www.youtube.com/watch?v=9SMohrqvlyI&list=PLA2VFvkm6I872Rt1qWzkOZMaqNN2RE6g8&index=157
158,A Noiva de Istambul - Parte 158,https://www.youtube.com/watch?v=fclZSK14EDM&list=PLA2VFvkm6I872Rt1qWzkOZMaqNN2RE6g8&index=158
159,A Noiva de Istambul - Parte 159,https://www.youtube.com/watch?v=ml5_8R7F78M&list=PLA2VFvkm6I872Rt1qWzkOZMaqNN2RE6g8&index=159
160,A Noiva de Istambul - Parte 160,https://www.youtube.com/watch?v=vMbfPyB2WSQ&list=PLA2VFvkm6I872Rt1qWzkOZMaqNN2RE6g8&index=160
161,A Noiva de Istambul - Parte 161,https://www.youtube.com/watch?v=8bETgJ3a9y4&list=PLA2VFvkm6I872Rt1qWzkOZMaqNN2RE6g8&index=161
162,A Noiva de Istambul - Parte 162,https://www.youtube.com/watch?v=RA8joXLmB6M&list=PLA2VFvkm6I872Rt1qWzkOZMaqNN2RE6g8&index=162
163,A Noiva de Istambul - Parte 163,https://www.youtube.com/watch?v=QrgQN5rwiMY&list=PLA2VFvkm6I872Rt1qWzkOZMaqNN2RE6g8&index=163
164,A Noiva de Istambul - Parte 164,https://www.youtube.com/watch?v=ENdTf1anroI&list=PLA2VFvkm6I872Rt1qWzkOZMaqNN2RE6g8&index=164
165,A Noiva de Istambul - Parte 165,https://www.youtube.com/watch?v=pAeS_YrN0rU&list=PLA2VFvkm6I872Rt1qWzkOZMaqNN2RE6g8&index=165
166,A Noiva de Istambul - Parte 166,https://www.youtube.com/watch?v=UneldRfzljg&list=PLA2VFvkm6I872Rt1qWzkOZMaqNN2RE6g8&index=166
167,A Noiva de Istambul - Parte 167,https://www.youtube.com/watch?v=YqrB4YUVm_A&list=PLA2VFvkm6I872Rt1qWzkOZMaqNN2RE6g8&index=167
168,A Noiva de Istambul - Parte 168,https://www.youtube.com/watch?v=Dn7loikKKNo&list=PLA2VFvkm6I872Rt1qWzkOZMaqNN2RE6g8&index=168
169,A Noiva de Istambul - Parte 169,https://www.youtube.com/watch?v=RoHmBYl_miM&list=PLA2VFvkm6I872Rt1qWzkOZMaqNN2RE6g8&index=169
170,A Noiva de Istambul - Parte 170,https://www.youtube.com/watch?v=ghlLmSTa8hM&list=PLA2VFvkm6I872Rt1qWzkOZMaqNN2RE6g8&index=170
171,A Noiva de Istambul - Parte 171,https://www.youtube.com/watch?v=6wFS9ITjeP4&list=PLA2VFvkm6I872Rt1qWzkOZMaqNN2RE6g8&index=171
172,A Noiva de Istambul - Parte 172,https://www.youtube.com/watch?v=WgUHNdjwRjo&list=PLA2VFvkm6I872Rt1qWzkOZMaqNN2RE6g8&index=172
173,A Noiva de Istambul - Parte 173,https://www.youtube.com/watch?v=a4IJNTA1Xbw&list=PLA2VFvkm6I872Rt1qWzkOZMaqNN2RE6g8&index=173
174,A Noiva de Istambul - Parte 174,https://www.youtube.com/watch?v=vU7wJlygWh0&list=PLA2VFvkm6I872Rt1qWzkOZMaqNN2RE6g8&index=174
175,A Noiva de Istambul - Parte 175,https://www.youtube.com/watch?v=210aDftQddA&list=PLA2VFvkm6I872Rt1qWzkOZMaqNN2RE6g8&index=175
176,A Noiva de Istambul - Parte 176,https://www.youtube.com/watch?v=FznkI9Grzw0&list=PLA2VFvkm6I872Rt1qWzkOZMaqNN2RE6g8&index=176
177,A Noiva de Istambul - Parte 177,https://www.youtube.com/watch?v=lER9HvDrFSU&list=PLA2VFvkm6I872Rt1qWzkOZMaqNN2RE6g8&index=177
178,A Noiva de Istambul - Parte 178,https://www.youtube.com/watch?v=bHA3IRoxEYY&list=PLA2VFvkm6I872Rt1qWzkOZMaqNN2RE6g8&index=178
179,A Noiva de Istambul - Parte 179,https://www.youtube.com/watch?v=6I2IRSBaIQY&list=PLA2VFvkm6I872Rt1qWzkOZMaqNN2RE6g8&index=179
180,A Noiva de Istambul - Parte 180,https://www.youtube.com/watch?v=39uLkEHQyv4&list=PLA2VFvkm6I872Rt1qWzkOZMaqNN2RE6g8&index=180
181,A Noiva de Istambul - Parte 181,https://www.youtube.com/watch?v=WhOEUT-6Lls&list=PLA2VFvkm6I872Rt1qWzkOZMaqNN2RE6g8&index=181
182,A Noiva de Istambul - Parte 182,https://www.youtube.com/watch?v=DszTGsNA42o&list=PLA2VFvkm6I872Rt1qWzkOZMaqNN2RE6g8&index=182
183,A Noiva de Istambul - Parte 183,https://www.youtube.com/watch?v=IooCuObVabc&list=PLA2VFvkm6I872Rt1qWzkOZMaqNN2RE6g8&index=183
184,A Noiva de Istambul - Parte 184,https://www.youtube.com/watch?v=wxnrPL2ZM14&list=PLA2VFvkm6I872Rt1qWzkOZMaqNN2RE6g8&index=184
185,A Noiva de Istambul - Parte 185,https://www.youtube.com/watch?v=NbA-jLUCEl4&list=PLA2VFvkm6I872Rt1qWzkOZMaqNN2RE6g8&index=185
186,A Noiva de Istambul - Parte 186,https://www.youtube.com/watch?v=tTPYVoyswio&list=PLA2VFvkm6I872Rt1qWzkOZMaqNN2RE6g8&index=186
187,A Noiva de Istambul - Parte 187,https://www.youtube.com/watch?v=GQKTt9p7Eyo&list=PLA2VFvkm6I872Rt1qWzkOZMaqNN2RE6g8&index=187
188,A Noiva de Istambul - Parte 188,https://www.youtube.com/watch?v=IsjkNnWd99s&list=PLA2VFvkm6I872Rt1qWzkOZMaqNN2RE6g8&index=188
189,A Noiva de Istambul - Parte 189,https://www.youtube.com/watch?v=wokb4wWmdcE&list=PLA2VFvkm6I872Rt1qWzkOZMaqNN2RE6g8&index=189
190,A Noiva de Istambul - Parte 190,https://www.youtube.com/watch?v=y1GybqJDnyg&list=PLA2VFvkm6I872Rt1qWzkOZMaqNN2RE6g8&index=190
191,A Noiva de Istambul - Parte 191,https://www.youtube.com/watch?v=iNc_lGlW3R4&list=PLA2VFvkm6I872Rt1qWzkOZMaqNN2RE6g8&index=191
192,A Noiva de Istambul - Parte 192,https://www.youtube.com/watch?v=_FRs4yvJhjM&list=PLA2VFvkm6I872Rt1qWzkOZMaqNN2RE6g8&index=192
193,A Noiva de Istambul - Parte 193,https://www.youtube.com/watch?v=8xmIaeNaAbY&list=PLA2VFvkm6I872Rt1qWzkOZMaqNN2RE6g8&index=193
194,A Noiva de Istambul - Parte 194,https://www.youtube.com/watch?v=sJWctk6Hu7A&list=PLA2VFvkm6I872Rt1qWzkOZMaqNN2RE6g8&index=194
195,A Noiva de Istambul - Parte 195,https://www.youtube.com/watch?v=A4jLXzWBtq8&list=PLA2VFvkm6I872Rt1qWzkOZMaqNN2RE6g8&index=195
196,A Noiva de Istambul - Parte 196,https://www.youtube.com/watch?v=DSBpQj1IH28&list=PLA2VFvkm6I872Rt1qWzkOZMaqNN2RE6g8&index=196
197,A Noiva de Istambul - Parte 197,https://www.youtube.com/watch?v=dkj-5jwJYJ4&list=PLA2VFvkm6I872Rt1qWzkOZMaqNN2RE6g8&index=197
198,A Noiva de Istambul - Parte 198,https://www.youtube.com/watch?v=SKOH5kJtFB0&list=PLA2VFvkm6I872Rt1qWzkOZMaqNN2RE6g8&index=198
199,A Noiva de Istambul - Parte 199,https://www.youtube.com/watch?v=2NFrHUcLSm8&list=PLA2VFvkm6I872Rt1qWzkOZMaqNN2RE6g8&index=199
200,A Noiva de Istambul - Parte 200,https://www.youtube.com/watch?v=JWYr-6hFlks&list=PLA2VFvkm6I872Rt1qWzkOZMaqNN2RE6g8&index=200
201,A Noiva de Istambul - Parte 201,https://www.youtube.com/watch?v=_YGtRFZ1TVY&list=PLA2VFvkm6I872Rt1qWzkOZMaqNN2RE6g8&index=201
202,A Noiva de Istambul - Parte 202,https://www.youtube.com/watch?v=xf-41k5K14w&list=PLA2VFvkm6I872Rt1qWzkOZMaqNN2RE6g8&index=202
203,A Noiva de Istambul - Parte 203,https://www.youtube.com/watch?v=oGFnXu6yTcU&list=PLA2VFvkm6I872Rt1qWzkOZMaqNN2RE6g8&index=203
204,A Noiva de Istambul - Parte 204,https://www.youtube.com/watch?v=Zd6L4LtKLvQ&list=PLA2VFvkm6I872Rt1qWzkOZMaqNN2RE6g8&index=204
205,A Noiva de Istambul - Parte 205,https://www.youtube.com/watch?v=utIOcpsX8Yo&list=PLA2VFvkm6I872Rt1qWzkOZMaqNN2RE6g8&index=205
206,A Noiva de Istambul - Parte 206,https://www.youtube.com/watch?v=1h7DAU61OPs&list=PLA2VFvkm6I872Rt1qWzkOZMaqNN2RE6g8&index=206
207,A Noiva de Istambul - Parte 207,https://www.youtube.com/watch?v=wntomj4A4J8&list=PLA2VFvkm6I872Rt1qWzkOZMaqNN2RE6g8&index=207
208,A Noiva de Istambul - Parte 208,https://www.youtube.com/watch?v=no65kL-T0wc&list=PLA2VFvkm6I872Rt1qWzkOZMaqNN2RE6g8&index=208
